Hardware name,Manufacturer,Type,Release date,Release price (USD),FP64 (double precision) performance (FLOP/s),FP32 (single precision) performance (FLOP/s),FP16 (half precision) performance (FLOP/s),TF32 (TensorFloat-32) performance (FLOP/s),Tensor-FP16/BF16 performance (FLOP/s),INT16 performance (OP/s),INT8 performance (OP/s),INT4 performance (OP/s),Memory size per board (Byte),Memory bandwidth (byte/s),Intranode bandwidth (byte/s),Internode bandwidth (bit/s),Die Size (mm^2),TDP (W),Base clock (MHz),Boost clock (MHz),Memory clock (MHz),Memory bus (bit),Tensor cores,Process size (nm),Foundry,Number of transistors (millions),Link to datasheet,Source for the price,ML models,Last modified
NVIDIA H200 SXM,NVIDIA,GPU,2024-11-18,,33450000000000,66910000000000,,494500000000000,989500000000000,,1979000000000000,,,,,,,700.0,,,,,,5,TSMC,,https://nvdam.widen.net/s/nb5zzzsjdf/hpc-datasheet-sc23-h200-datasheet-3002446,,,2/5/2025 1:16am
AMD Instinct MI325X,AMD,GPU,2024-10-10,,81700000000000,163400000000000,1300000000000000,653700000000000,,,2600000000000000,,256000000000,6000000000000,,,,1000.0,2100,,1000,,,5,TSMC,153000,https://www.amd.com/en/products/accelerators/instinct/mi300/mi325x.html,,,1/21/2025 10:21am
NVIDIA GB200 NVL2,NVIDIA,GPU,2024-06-02,,90000000000000,180000000000000,5000000000000000,2500000000000000,5000000000000000,,10000000000000000,,384000000000,16000000000000,,,,2400.0,,,,,,,,,"https://www.nvidia.com/en-us/data-center/gb200-nvl2/#specs
https://drive.google.com/file/d/1Wc9tdHdy3UthQ6ttW98RgrdUx8Vva5tU/view",,,1/23/2025 8:14am
Google TPU v6e,Google,TPU,2024-05-14,,,,,,918000000000000,,1836000000000000,,32000000000,1640000000000,448000000000,,,,,,,,,,,,https://cloud.google.com/tpu/docs/v6e,,Gemini 2.0 Flash,1/21/2025 10:21am
Meta MTIA v2,Meta,Other,2024-04-10,,,2760000000000,,,5530000000000,,354000000000000,,256000000,1000000000000,,,421.0,90.0,1350,,,,,5,TSMC,,https://ai.meta.com/blog/next-generation-meta-training-inference-accelerator-AI-MTIA/,,,1/21/2025 10:21am
NVIDIA B100,NVIDIA,GPU,2024-03-18,,30000000000000,,,875000000000000,1750000000000000,,3500000000000000,7000000000000000,192000000000,8000000000000,,,,700.0,,,,,,,,,"https://www.anandtech.com/show/21310/nvidia-blackwell-architecture-and-b200b100-accelerators-announced-going-bigger-with-smaller-data

https://web.archive.org/web/20240809084215/https://www.hyperstack.cloud/nvidia-blackwell-b100",,,2/5/2025 1:20am
NVIDIA B200,NVIDIA,GPU,2024-03-18,,31040000000000,62080000000000,2250000000000000,1125000000000000,2250000000000000,,4500000000000000,9000000000000000,192000000000,8000000000000,,,,1000.0,,,,,,,,,"https://www.hyperstack.cloud/nvidia-blackwell-b200
https://drive.google.com/file/d/1Wc9tdHdy3UthQ6ttW98RgrdUx8Vva5tU/view",,,2/5/2025 1:20am
MTT S4000,Moore Threads (Tencent),GPU,2023-12-19,,,25000000000000,,50000000000000,100000000000000,,200000000000000,,48000000000,768000000000,,,,450.0,,,,,128,,,,https://en.mthreads.com/product/S4000,,,1/21/2025 10:21am
Google TPU v5p,Google,TPU,2023-12-06,,,,,,459000000000000,,918000000000000,,95000000000,2765000000000,,,,,,,,,,,,,https://cloud.google.com/tpu/docs/v5p,,"Genie,Gemma 2 27B,AFM-on-device",1/21/2025 10:21am
AMD Instinct MI300X,AMD,GPU,2023-12-06,,81700000000000,163400000000000,1307400000000000,653700000000000,1307400000000000,,2614900000000000,,192000000000,,,,1017.0,750.0,,,,,,5,TSMC,,"https://www.amd.com/content/dam/amd/en/documents/instinct-tech-docs/data-sheets/amd-instinct-mi300x-data-sheet.pdf
https://www.techpowerup.com/gpu-specs/radeon-instinct-mi300x.c4179",,,1/21/2025 10:21am
Sunway SW26010-Pro,Sunway,,2023-11-26,,13800000000000,27600000000000,55296000000000,,,,,,96000000000,307200000000,,,,,,,,,,14,,,https://www.tomshardware.com/tech-industry/supercomputers/chinas-secretive-sunway-pro-cpu-quadruples-performance-over-its-predecessor-allowing-the-supercomputer-supercomputer-to-hit-exaflop-speeds,,,1/21/2025 10:21am
NVIDIA HGX H20,NVIDIA,GPU,2023-11-09,$12000.00,1000000000000,44000000000000,,74000000000000,148000000000000,,296000000000000,,96000000000,4000000000000,,,,400.0,,,,,,,,,https://viperatech.com/shop/nvidia-hgx-h20/,"https://www.tomshardware.com/tech-industry/artificial-intelligence/distributor-claims-that-nvidia-has-allegedly-stopped-taking-orders-on-hgx-h20-gpu-processors#:~:text=The%20product%20has%2096%20GB,tag%20of%20around%20%2410%2C000%20%2D%20%2413%2C000.

https://www.techpowerup.com/318595/nvidia-readying-h20-ai-gpu-for-chinese-market",,1/21/2025 10:21am
NVIDIA L2 PCle,NVIDIA,GPU,2023-11-09,,,24100000000000,,48300000000000,96500000000000,,193000000000000,,24000000000,300000000000,,,,,,,,,,,,,"https://viperatech.com/shop/nvidia-l2-pcie/#:~:text=NVIDIA's%20L2%20PCle%2C%20part%20of,handling%20of%20data%2Dintensive%20tasks.",,,1/21/2025 10:21am
NVIDIA L20 PCle,NVIDIA,GPU,2023-09-16,$4299.00,927400000000,59350000000000,59350000000000,59800000000000,119500000000000,,239000000000000,,48000000000,864000000000,,,609.0,275.0,1440,2520,2250,384,11776,5,TSMC,76300,"https://www.techpowerup.com/gpu-specs/l20.c4206
https://wccftech.com/nvidia-china-compliant-h20-gpu-41-percent-fewer-cores-lower-performance-vs-top-hopper-h100/",https://viperatech.com/shop/nvidia-l20-pcie/,,1/21/2025 10:21am
Google TPU v5e,Google,TPU,2023-08-29,,,,,,197000000000000,,393000000000000,,16000000000,819000000000,,,325.0,140.0,,,,,1,,,,https://cloud.google.com/tpu/docs/v5e,,"Gemma 7B,Gemini Nano-2,Gemini Nano-1,Gemma 2 2B,Gemma 1.1 7B Instruct,Imagen 3,PaliGemma,GameNGen,ALOHA Unleashed,Universal-1,DataGemma,Gemma 2B,Flexi-JEST++,JEST++",1/21/2025 10:21am
NVIDIA GH200,NVIDIA,GPU,2023-08-08,,33450000000000,66910000000000,,494500000000000,989500000000000,,1979000000000000,,,,,,,700.0,,,,,,5,TSMC,,https://resources.nvidia.com/en-us-data-center-overview-mc/en-us-data-center-overview/grace-hopper-superchip-datasheet-partner,,,2/5/2025 1:40am
MetaX MXC500 (PCIe),MetaX,GPGPU,2023-06-13,,,15000000000000,240000000000000,120000000000000,,,480000000000000,,64000000000,18000000000000,,,,350.0,,,,,,7,,,"https://blog.csdn.net/qq_23934063/article/details/132473834
https://data.eastmoney.com/report/zw_industry.jshtml?infocode=AP202306151590965492",,,1/21/2025 10:21am
MetaX MXN100,MetaX,GPU,2023-06-07,,,,80000000000000,,,,160000000000000,,,,,,,,,,,,,,,,https://www.metax-tech.com/ndetail/12469.html,,,1/21/2025 10:21am
Meta MTIA v1,Meta,Other,2023-05-18,,,1600000000000,,,51200000000000,,102400000000000,,128000000,800000000000,,,373.0,25.0,800,,,,,7,TSMC,,"https://ai.meta.com/blog/meta-training-inference-accelerator-AI-MTIA/
https://ai.meta.com/blog/next-generation-meta-training-inference-accelerator-AI-MTIA/",,,1/21/2025 10:21am
NVIDIA H800 SXM5,NVIDIA,GPU,2023-03-21,,29650000000000,59300000000000,,454500000000000,989000000000000,,1979000000000000,,80000000000,3360000000000,,,814.0,700.0,1095,1755,,5120,456,5,TSMC,80000,https://www.techpowerup.com/gpu-specs/h800-sxm5.c3975,,"DeepSeekMoE-16B,DeepSeek-V2 (MoE-236B),RWKV-5 (Eagle) 7B,DeepSeek-V3",1/22/2025 12:08pm
NVIDIA GeForce RTX 4070,NVIDIA,GPU,2023-02-08,,455400000000,29150000000000,29150000000000,,,,233000000000000,,12000000000,504200000000,,,295.0,285.0,1920,2475,1313,192,,,TSMC,35800,https://www.techpowerup.com/gpu-specs/geforce-rtx-4070.c3924,,,1/21/2025 1:29pm
Intel Data Center GPU Max 1100,Intel,GPU,2023-01-10,,,22220000000000,22220000000000,,,,,,48000000000,1230000000000,,,1280.0,300.0,1000,1550,600,8192,448,10,Intel,100000,https://www.techpowerup.com/gpu-specs/data-center-gpu-max-1100.c4066,,,1/21/2025 10:21am
Intel Data Center GPU Max 1350,Intel,GPU,2023-01-10,,,44440000000000,44440000000000,,,,,,96000000000,2460000000000,,,1280.0,450.0,750,1550,1200,8192,896,10,Intel,100000,https://www.techpowerup.com/gpu-specs/data-center-gpu-max-1350.c4067,,,1/21/2025 10:21am
Intel Data Center GPU Max 1550,Intel,GPU,2023-01-10,,,52430000000000,52430000000000,,,,,,128000000000,3280000000000,,,1280.0,600.0,900,1600,1600,8192,1024,10,Intel,100000,https://www.techpowerup.com/gpu-specs/data-center-gpu-max-1350.c4067,,,1/21/2025 10:21am
AMD Radeon Instinct MI300,AMD,GPU,2023-01-04,,47870000000000,47870000000000,383000000000000,,,,,,128000000000,6550000000000,,,1017.0,600.0,,,,,,5,,,https://www.techpowerup.com/gpu-specs/radeon-instinct-mi300.c4019,,,1/21/2025 10:21am
AMD Instinct MI300A,AMD,GPU,2023-01-04,,61300000000000,122600000000000,980600000000000,490300000000000,980600000000000,,1961200000000000,,128000000000,,,,,760.0,,,,,,5,,,https://www.amd.com/content/dam/amd/en/documents/instinct-tech-docs/data-sheets/amd-instinct-mi300a-data-sheet.pdf,,,1/21/2025 10:21am
Baidu Kunlun RG800,Kunlunxin Baidu,XPU-R,2023-01-01,,,32000000000000,128000000000000,,,128000000000000,256000000000000,,32000000000,512000000000,,,,130.0,,,,,,,,,https://zhuanlan.zhihu.com/p/646793342,,,1/21/2025 10:21am
MetaX MXC500 (OAM),MetaX,GPGPU,2023-01-01,,,18000000000000,280000000000000,140000000000000,,,560000000000000,,64000000000,18000000000000,,,,450.0,,,,,,7,,,"https://blog.csdn.net/qq_23934063/article/details/132473834
https://data.eastmoney.com/report/zw_industry.jshtml?infocode=AP202306151590965492",,,1/21/2025 10:21am
Tianshu Zhixin Zhikai 100,Iluvatar CoreX,GPU,2022-12-20,,,24000000000000,96000000000000,,,,384000000000000,,,,,,,,,,,,,,,,https://zhuanlan.zhihu.com/p/593594163,,,1/21/2025 10:21am
NVIDIA A800,NVIDIA,GPU,2022-11-08,,9746000000000,19490000000000,77970000000000,,,,,,,,,,826.0,,,,,5120,432,7,TSMC,54200,"https://www.techpowerup.com/gpu-specs/a800-pcie-40-gb.c3964
https://www.techpowerup.com/gpu-specs/a800-pcie-80-gb.c3965
https://www.techpowerup.com/gpu-specs/a800-sxm4-80-gb.c3966",,"FLM-101B,Skywork-13B,DreamLLM,BGE-M3 Embedding,OmniGen,ProSST,Baichuan 2-7B,YaYi 2.0,Baichuan1-7B",1/21/2025 10:21am
AMD Radeon RX 7900 XTX,AMD,GPU,2022-11-03,$999.00,1919000000000,61420000000000,122800000000000,,,,,,24000000000,960000000000,,,529.0,335.0,1860,2499,2500,384,96,,,57700,https://www.techpowerup.com/gpu-specs/radeon-rx-7900-xtx.c3941,https://www.pcgamer.com/amd-radeon-rx-7900-xtx-xt-price-release-date-specs/,,1/21/2025 10:21am
NVIDIA A800 Active,NVIDIA,GPU,2022-11-03,,9700000000000,19500000000000,,155900000000000,311800000000000,,623800000000000,,,,,,826.0,240.0,,,,,,,,,"https://perma.cc/9J3E-6QW7
https://www.pny.com/rtx-a800",,,2/5/2025 9:13am
NVIDIA L40,NVIDIA,GPU,2022-10-13,,1414000000000,90520000000000,90520000000000,,181000000000000,,362000000000000,,48000000000,864000000000,,,608.0,300.0,735,2490,2250,384,568,,,76300,https://www.techpowerup.com/gpu-specs/l40.c3959; https://www.nvidia.com/content/dam/en-zz/Solutions/design-visualization/support-guide/NVIDIA-L40-Datasheet-January-2023.pdf,,,1/21/2025 10:21am
NVIDIA H100 PCIe,NVIDIA,GPU,2022-09-20,,25610000000000,51220000000000,204900000000000,378000000000000,756000000000000,,,,,,600000000000,400000000000,814.0,350.0,1095,1755,,,,4,TSMC,80000,https://www.techpowerup.com/gpu-specs/h100-pcie.c3899,,,1/21/2025 10:21am
NVIDIA GeForce RTX 4090,NVIDIA,GPU,2022-09-20,$1599.00,1290000000000,82600000000000,82600000000000,82600000000000,330000000000000,,660600000000000,,24000000000,1008000000000,,,608.0,450.0,2235,2520,1313,384,512,,,76300,https://www.techpowerup.com/gpu-specs/geforce-rtx-4090.c3889,https://www.pcgamesn.com/nvidia/rtx-4090-release-date-price-spec-and-benchmarks,"Diamond,JetFire (GPT2-LARGE),Rethinking Molecular Design: Integrating Latent Variable and Auto-Regressive Models for Goal Directed Generation",1/21/2025 10:21am
NVIDIA H100 SXM5 80GB,NVIDIA,GPU,2022-09-20,$44489.88,33450000000000,66910000000000,267600000000000,494500000000000,989500000000000,,1979000000000000,,80000000000,3350000000000,900000000000,400000000000,814.0,700.0,1665,1980,1313,5120,528,5,TSMC,80000,https://resources.nvidia.com/en-us-tensor-core/nvidia-tensor-core-gpu-datasheet; https://www.techpowerup.com/gpu-specs/h100-sxm5.c3900,"GPU was sold between 30k and 40k USD. Price is $44,489.88 per card for a DGX server with 8x H100.","Inflection-1,Inflection-2,MPT-30B,StarCoder 2 7B,Llama 3-70B,DBRX,Evo,Inflection-2.5,Reka Core,Reka Flash,Stable LM 2 12B,Llama 3-8B,phi-3-mini 3.8B,Jamba,Nemotron-4 340B,Multi-Token Prediction 7B,Multi-Token Prediction 13B,Llama 3.1-405B,Mamba2-Hybrid,EXAONE 3.0,Jamba 1.5-Large,OLMoE,Falcon Mamba,Pharia-1-LLM-7B,Llama 3.2 1B,Llama 3.2 3B,Llama 3.2 11B,Llama 3.2 90B,Movie Gen Video,Movie Gen Audio,phi-3.5-mini,phi-3.5-Vision,Stable Video 4D (SV4D),Yi-Lightning,Mistral Large,NVLM-D 72B,NVLM-H 72B,Luma Dream Machine,GRITLM 8x7B,Nemotron-4 15B, Tulu 3 (Tülu 3) 70B,Hermes 3 405B,Hermes 3 70B,Hermes 3 8B,DISTRO,Allegro,Zephyr 141B-A39B																																						,NVLM-X 72B,Llama 3.3,Granite 3.0 8B,Granite 3.0 2B,OLMo 2 Furious 7B,OLMo 2 Furious 13B,LLaVA-CoT,""Cosmos-1.0-
Diffusion-14B Video2World"",TAIWAN-LLM 13B,TAIWAN-LLM 7B,TAIDE-LX-7B,""Llama-3-Taiwan-70B
"",SimPO",2/7/2025 10:11am
NVIDIA GeForce RTX 4080,NVIDIA,GPU,2022-09-20,$1199.00,761500000000,48740000000000,48740000000000,,,,390000000000000,,16000000000,716800000000,,,379.0,320.0,2205,2505,1400,256,304,,TSMC,45900,https://www.techpowerup.com/gpu-specs/geforce-rtx-4080.c3888,,,1/21/2025 1:28pm
Biren BR100,Biren,GPGPU,2022-08-22,,,256000000000000,,512000000000000,1024000000000000,,2048000000000000,,64000000000,1640000000000,,,1074.0,550.0,,,,,,7,,,https://web.archive.org/web/20221004073838/https://www.birentech.com/product_details/1005557637772464128.html; https://hc34.hotchips.org/assets/program/conference/day1/GPU%20HPC/HC2022.BirenTech.MikeHong.LingjieXu.v01.pdf,,,1/21/2025 10:21am
MT-3000,National University of Defense Technology,Hybrid CPU,2022-07-01,,11600000000000,,,,,,,,128000000000,,,,,256.0,,,,,,,,,https://link.springer.com/article/10.1007/s42514-022-00095-y,,,1/21/2025 10:21am
NVIDIA GeForce RTX 3090 Ti,NVIDIA,GPU,2022-03-29,$1999.00,625000000000,40000000000000,40000000000000,40000000000000,160000000000000,,320000000000000,,24000000000,1008000000000,,,628.0,450.0,1560,1860,1313,384,336,8,Samsung,28300,https://www.techpowerup.com/gpu-specs/geforce-rtx-3090-ti.c3829,https://www.wikiwand.com/en/GeForce_30_series,"YOLOv10-X,pKALM",1/21/2025 1:40pm
Cambricon MLU370-X8,Cambricon,,2022-03-21,,,24000000000000,96000000000000,,,128000000000000,256000000000000,,48000000000,614400000000,,,,250.0,,,,,,7,,,https://www.cambricon.com/index.php?m=content&c=index&a=lists&catid=406,,,1/21/2025 10:21am
Huawei Ascend 910B,Huawei,GPU,2022-03-17,$16854.00,,94000000000000,376000000000000,,,,,,32000000000,1228000000000,,,,,,,900,,,7,SMIC,,"https://archive.ph/cF945
https://cset.georgetown.edu/publication/pushing-the-limits-huaweis-ai-chip-tests-u-s-export-controls/#:~:text=Ascend%20910%20models%20range%20from,specially%20designed%20for%20AI%20operations
https://www.trendforce.com/news/2024/06/11/news-huaweis-self-developed-ai-chip-challenges-nvidia-boasting-its-ascend-910b-to-be-equal-in-match-with-a100/

different sources report different performance (376 TFLOPS vs 220 TFLOPS vs 320 TFLOPS)

as for release date - the earliest mentioning I found is March, 17 2022 (https://r.huaweistatic.com/s/ascendstatic/lst/files/pdf/PR425KI.pdf)",https://www.trendforce.com/news/2024/06/11/news-huaweis-self-developed-ai-chip-challenges-nvidia-boasting-its-ascend-910b-to-be-equal-in-match-with-a100/,,1/21/2025 10:21am
Baidu Kunlun R100 (75W),Kunlunxin Baidu,XPU-R,2022-01-01,,,18000000000000,64000000000000,,,64000000000000,128000000000000,,12000000000,384000000000,,,,75.0,,,,,,,,,https://zhuanlan.zhihu.com/p/646793342,,,1/21/2025 10:21am
Baidu Kunlun R100 (100W),Kunlunxin Baidu,XPU-R,2022-01-01,,,20000000000000,85000000000000,,,85000000000000,170000000000000,,12000000000,384000000000,,,,100.0,,,,,,,,,https://zhuanlan.zhihu.com/p/646793342,,,1/21/2025 10:21am
Baidu Kunlun R200 (150W),Kunlunxin Baidu,XPU-R,2022-01-01,,,32000000000000,128000000000000,,,128000000000000,256000000000000,,16000000000,512000000000,,,,150.0,,,,,,7,,,https://zhuanlan.zhihu.com/p/646793342,,,1/21/2025 10:21am
Baidu Kunlun R200-8F (160W),Kunlunxin Baidu,XPU-R,2022-01-01,,,32000000000000,128000000000000,,,128000000000000,256000000000000,,32000000000,512000000000,,,,160.0,,,,,,7,,,https://zhuanlan.zhihu.com/p/646793342,,,1/21/2025 10:21am
AMD Radeon Instinct MI250X,AMD,GPU,2021-11-08,$14500.00,47870000000000,47870000000000,383000000000000,95700000000000,383000000000000,,383000000000000,,128000000000,3280000000000,,,724.0,500.0,1000,1700,1600,8192,,6,TSMC,58200,"https://www.amd.com/en/products/accelerators/instinct/mi200/mi250x.html
https://www.techpowerup.com/gpu-specs/radeon-instinct-mi250x.c3837",https://www.nextplatform.com/2021/12/06/stacking-up-amd-mi200-versus-nvidia-a100-compute-engines/,"BLUUMI,Poro 34B,Viking,OLMo-7B,ColPali",1/22/2025 3:50pm
Cambricon MLU370-S4/S8,Cambricon,,2021-11-03,,,18000000000000,72000000000000,,,96000000000000,192000000000000,,24000000000,307200000000,,,,75.0,,,,,,7,,,https://www.cambricon.com/index.php?m=content&c=index&a=lists&catid=365,,,1/21/2025 10:21am
Cambricon MLU370-X4,Cambricon,,2021-11-03,,,24000000000000,96000000000000,,,128000000000000,256000000000000,,24000000000,307200000000,,,,150.0,,,,,,7,,,https://www.cambricon.com/index.php?m=content&c=index&a=lists&catid=371,,,1/21/2025 10:21am
Cambricon MLU370-S8,Cambricon,,2021-11-03,,,18000000000000,72000000000000,,,96000000000000,192000000000000,,48000000000,307200000000,,,,75.0,,,,,,7,,,https://www.cambricon.com/index.php?m=content&c=index&a=lists&catid=365,,,1/21/2025 10:21am
Cambricon MLU370-S4,Cambricon,,2021-11-03,,,18000000000000,72000000000000,,,96000000000000,192000000000000,,24000000000,307200000000,,,,75.0,,,,,,7,,,https://www.cambricon.com/index.php?m=content&c=index&a=lists&catid=365,,,1/21/2025 10:21am
Tesla D1 Dojo,Tesla,GPU,2021-08-21,,,22600000000000,,,362000000000000,,,,,,,,,400.0,,,,,,7,TSMC,,https://semianalysis.com/2021/08/25/the-tesla-dojo-chip-is-impressive/,,,1/29/2025 9:36am
Baidu Kunlun II,Kunlunxin Baidu,XPU-R,2021-08-18,,,,128000000000000,,,,256000000000000,,32000000000,,,,,150.0,,,,,,7,,,"https://zhuanlan.zhihu.com/p/646793342
https://www.tomshardware.com/news/baidu-unveils-kunlun-ii-processor-for-ai
https://www.hpcwire.com/2021/08/18/baidu-brain-7-0-ai-platform-announced-baidu-kunlun-ii-ai-chips-now-in-mass-production/",,,1/21/2025 10:21am
Shensuan-1,Hygon,DCU (GPGPU),2021-07-01,,,,24500000000000,,,,,,32000000000,,,,,350.0,,,,,,7,,,https://pdf.dfcfw.com/pdf/H3_AP202405141633079130_1.pdf?1715720114000.pdf,,,1/21/2025 10:21am
Google TPU v4,Google,TPU,2021-05-20,,,,,,275000000000000,,275000000000000,,32000000000,1200000000000,,,,192.0,,,,,,7,,,https://cloud.google.com/tpu/docs/system-architecture-tpu-vm,https://technical.city/en/video/GeForce-GTX-580,"Flamingo,GLaM,CodeGen-Mono 16.1B,Ankh_large,Cohere Command,CoCa,PaLI,BASIC-L,XGen-7B,PaLM 2,Minerva (540B),UniPi,PaLM (540B),Chinchilla,AlphaCode,OpenLLaMA-13B,Gemini 1.0 Ultra,GNoME for crystal discovery,U-PaLM (540B),Ankh_base,AudioLM,Parti,Flan-PaLM 540B,Flan-T5 11B,Aya,Unified-IO (XL),Cohere Command Light,ViT-22B,Gemini 1.0 Pro,UL2,Imagen,Gemini 1.5 Flash,Gemma 2 9B,AFM-server,GenMS,Imagen 3,Med-Gemini-2D,Med-Gemini-3D,Med-Gemini-M 1.5,SigLIP,SigLiT,Gemini 1.5 Flash 8B,SigLIP",2/4/2025 10:49am
Cerebras CS-2,Cerebras,Other,2021-04-20,$2000000.00,,,7500000000000000,,,,,,,,,,,,,,,,,,TSMC,2600000000000,"https://f.hubspotusercontent30.net/hubfs/8968533/CS-2%20Data%20Sheet.pdf
https://www.techinsights.com/blog/cerebras-dives-wse-architecture",https://www.anandtech.com/show/16626/cerebras-unveils-wafer-scale-engine-two-wse2-26-trillion-transistors-100-yield,"Cerebras-GPT-13B,BTLM-3B",1/22/2025 3:44pm
NVIDIA RTX A4000,NVIDIA,GPU,2021-04-12,$1000.00,599000000000,19170000000000,19170000000000,,,,,,16000000000,448000000000,,,392.0,140.0,735,1560,1750,256,192,8,Samsung,17400,techpowerup.com/gpu-specs/rtx-a4000.c3756,https://develop3d.com/hardware/nvidia-rtx-a4000-and-rtx-a5000-gpus-launch/,,1/21/2025 10:21am
NVIDIA A10G,NVIDIA,GPU,2021-04-12,,985000000000,31500000000000,31500000000000,,,,,,24000000000,600200000000,,,628.0,150.0,1320,1710,1563,384,288,8,Samsung,28300,https://www.techpowerup.com/gpu-specs/a10g.c3798,,TimeGPT-1,1/21/2025 10:21am
NVIDIA RTX A5000,NVIDIA,GPU,2021-04-12,$2250.00,867800000000,27770000000000,27770000000000,,,,,,24000000000,768000000000,,,628.0,230.0,1170,1695,2000,384,256,8,Samsung,28300,https://www.techpowerup.com/gpu-specs/rtx-a5000.c3748,https://develop3d.com/hardware/nvidia-rtx-a4000-and-rtx-a5000-gpus-launch/,"Refact-1.6B,BiomedGPT (182M)",1/21/2025 10:21am
NVIDIA A10 PCIe,NVIDIA,GPU,2021-04-12,$2800.00,976300000000,31240000000000,31240000000000,,,,250000000000000,,24000000000,600200000000,,,628.0,150.0,885,1695,,384,288,8,Samsung,28300,"https://www.techpowerup.com/gpu-specs/a10-pcie.c3793#:~:text=The%20A10%20PCIe%20is%20a,card%20supports%20DirectX%2012%20Ultimate.",https://www.nextplatform.com/2021/04/15/nvidia-rounds-out-ampere-lineup-with-two-new-accelerators/,Goat-7B,1/21/2025 1:32pm
Tianshu Zhixin Tiangai 100 (BI-V100),Iluvatar CoreX,GPGPU,2021-03-31,,,32000000000000,128000000000000,,,,256000000000000,,32000000000,,,,,250.0,,,,,,7,,,http://www.cloudhin.com/xk/showproduct.php?id=275,,,1/21/2025 10:21am
Cambricon MLU290-M5,Cambricon,,2021-01-21,,,,,,,256000000000000,512000000000000,,32000000000,1228000000000,,,,350.0,,,,,,7,,,https://www.cambricon.com/index.php?m=content&c=index&a=lists&catid=340,,,1/21/2025 10:21am
NVIDIA A100 SXM4 80 GB,NVIDIA,GPU,2020-11-16,,9746000000000,19490000000000,77970000000000,156000000000000,312000000000000,,624000000000000,,80000000000,2039000000000,600000000000,200000000000,826.0,400.0,1275,1410,1593,5120,432,7,TSMC,54200,https://www.techpowerup.com/gpu-specs/a100-sxm4-80-gb.c3746,,"InternLM,Llama 2-70B,Galactica,StarCoder,Luminous-supreme,JIANG,Megatron-Turing NLG 530B,RWKV-4 14B,OPT-175B,Code Llama-34B,Llama 2-34B,CodeFuse-13B,XuanYuan 2.0,Llama 2-7B,Llama 2-13B,Fusion in Encoder,GGNN,OmegaPLM,Orca 2-13B,Code Llama-70B,MMS-1B,Llama Guard,Code Llama-7B,VideoMAE V2,Emu (BAAI),OpenFlamingo,StarCoder 2 3B,Volcano 13B,BLOOM-176B,NLLB,OPT-66B,A.X (Adot) 18B,Chameleon-34B,FragLlama: Next-fragment prediction for molecular design,YaART,Multi-Token Prediction 7B,Multi-Token Prediction 13B,Pharia-1-LLM-7B,LBSTER,Stable Video 3D (SV3D),Stable Video Diffusion,BELLE-LLaMA-EXT-7B,GRITLM 7B,MindEye2,MobileCLIP-B (LT),TiTok-L,Alpaca,PepPrCLIP,Amber,Code Llama-13B,StableLM - Zephyr 3B,Minitron 8B,Minitron 4B,Llama-3.1-Minitron-4B,F5-TTS, InternVL",2/7/2025 12:52pm
NVIDIA RTX A6000,NVIDIA,GPU,2020-10-05,$4649.00,1210000000000,38700000000000,38700000000000,,,,,,48000000000,768000000000,,,628.0,300.0,1410,1800,2000,384,336,8,Samsung,28300,https://www.techpowerup.com/gpu-specs/rtx-a6000.c3686,https://wccftech.com/nvidia-rtx-a6000-48-gb-workstation-graphics-card-full-ga102-gpu-4650-us/,"DiffDock,QMoE: compressed SwitchTransformer,DeepUrfold,llama-3-airoboros-70b-3.3",1/21/2025 10:21am
NVIDIA A40 PCIe,NVIDIA,GPU,2020-10-05,,584600000000,37420000000000,37420000000000,74800000000000,149700000000000,,299300000000000,,48000000000,695800000000,,,628.0,300.0,1305,1740,1812,384,336,8,Samsung,28300,https://www.techpowerup.com/gpu-specs/a40-pcie.c3700; https://images.nvidia.com/content/Solutions/data-center/a40/nvidia-a40-datasheet.pdf,,UdanDTI,1/21/2025 10:21am
NVIDIA GeForce RTX 3080,NVIDIA,GPU,2020-09-01,$699.00,465100000000,29770000000000,29770000000000,,,,,,10000000000,760000000000,,,628.0,320.0,1440,1710,1188,320,272,8,Samsung,28300,https://www.techpowerup.com/gpu-specs/geforce-rtx-3080.c3621,https://www.tomsguide.com/news/nvidia-geforce-rtx-3080-ti,MTDP,1/21/2025 10:21am
NVIDIA GeForce RTX 3090,NVIDIA,GPU,2020-09-01,$1499.00,556000000000,35580000000000,35580000000000,,,143000000000000,284000000000000,,24000000000,936000000000,,,628.0,350.0,1395,1695,1219,384,328,8,Samsung,28300,https://images.nvidia.com/aem-dam/en-zz/Solutions/geforce/ampere/pdf/NVIDIA-ampere-GA102-GPU-Architecture-Whitepaper-V1.pdf#page=38; https://www.techpowerup.com/gpu-specs/geforce-rtx-3090.c3622,https://www.tomsguide.com/news/nvidia-geforce-rtx-3090,"Swift,Robot Parkour,Otter,FinGPT-13B,DeepSA,NLM,MPDF,Text2Protein,TAWFN",1/21/2025 1:40pm
NVIDIA A100 PCIe,NVIDIA,GPU,2020-06-22,,9746000000000,19490000000000,77970000000000,156000000000000,312000000000000,,624000000000000,,,,600000000000,200000000000,826.0,300.0,,,,5120,432,7,TSMC,54200,"https://www.techpowerup.com/gpu-specs/a100-pcie-80-gb.c3821
https://www.techpowerup.com/gpu-specs/a100-pcie-40-gb.c3623",,"Discriminator Guidance,YuYan 11B,FvFold",1/22/2025 1:11pm
NVIDIA A100 SXM4 40 GB,NVIDIA,GPU,2020-05-14,$15000.00,9746000000000,19490000000000,77970000000000,156000000000000,312000000000000,,624000000000000,,40000000000,1560000000000,600000000000,200000000000,826.0,400.0,1095,1410,1215,5120,432,7,TSMC,54200,https://www.techpowerup.com/gpu-specs/a100-sxm4-40-gb.c3506,https://www.nextplatform.com/2022/05/09/how-much-of-a-premium-will-nvidia-charge-for-hopper-gpus/,"Florence,Luminous-supreme,Falcon-180B,GPT-3.5,GPT-4,StableLM-Base-Alpha-7B,Phi-1.5,WeLM,GLM-130B,BlenderBot 3,GPT-NeoX-20B,TinyLlama-1.1B (1T token checkpoint),TinyLlama-1.1B (3T token checkpoint),StableLM-2-1.6B,DINOv2,Stable Code 3B,Falcon-7B,Qarasu-14B,Flan T5-XXL + BLIP-2,BLIP-2 (Q-Former),Swin Transformer V2 (SwinV2-G),SPHINX (Llama 2 13B),EVA-01,CoRe,InstructBLIP,xTrimoPGLM -100B,MPT-7B,Pythia-12b,Pythia-2.8b,Pythia-6.9b,Pythia-160m,Pythia-1b,Pythia-1.4b,Pythia-70m,Pythia-410m,PLaMo-13B,Falcon 2 11B,Janus 1.3B,Luminous-extended,Luminous-base,TeleChat-7B,TeleChat-3B,TeleChat-12B,aiXcoder-7B Base,Xinyu,Janus-Pro-7B,Janus-Pro-1B",1/31/2025 9:57am
NVIDIA A100,NVIDIA,GPU,2020-03-01,,9700000000000,19500000000000,77970000000000,156000000000000,312000000000000,,624000000000000,,40000000000,1560000000000,600000000000,200000000000,826.0,400.0,1280,1410,1590,5120,432,7,TSMC,54200,https://www.nvidia.com/content/dam/en-zz/Solutions/Data-Center/a100/pdf/nvidia-a100-datasheet-us-nvidia-1758950-r4-web.pdf; https://www.techpowerup.com/gpu-specs/a100-sxm4-80-gb.c3746,"https://arstechnica.com/gadgets/2016/07/gtx-titan-x-pascal-specs-price-release-date/#:~:text=Surprise!%20%E2%80%94-,Nvidia%20unveils%20new%20GTX%20Titan%20X,teraflops%2C%2012GB%20GDDR5X%2C%20just%20%241%2C200,   https://www.extremetech.com/gaming/232924-nvidia-titan-x-offers-incredible-performance-at-a-significant-cost","DLRM-2022,Taiyi-Stable Diffusion,AR-LDM,Megatron-LM (1T),DLRM-12T,LLaMA-65B,GPT-SW3,CALM,Falcon-40B,Ferret (13B),Show-1,MoE-1.1T,StableLM-3B-4E1T,CodeT5-base,CodeT5-large,CodeT5+,ZymCTRL,BloombergGPT,LLaMA-7B,DiT-XL/2 + Discriminator Guidance,Platypus-70B,OPT-IML (175B),Fairseq-dense 13B,Polyglot-Ko-12.8B,PULI GPTrio,LLaMA-13B,Wu Dao Aquila-7B,Phi-2,Nemotron-3-8B,Japanese-LM-3.6B,EMDR,LDM-1.45B,ImageBind,Tranception,ProtGPT2,gLM,HyenaDNA,Nucleotide Transformer,Segment Anything Model,AudioGen,EnCodec,YaLM,Granite 13B,HyperCLOVA 82B,CoEdiT-xxl,XGLM-7.5B,RQ-Transformer (LSUN-cat dataset),RQ-Transformer (1.4B params ImageNet dataset),RQ-Transformer (3.8B params ImageNet dataset),LLaVA,LLaVA 1.5,LLaVA-NeXT-34B (LLaVA-1.6),CTR-BERT,DeepSeekMoE-16B,eDiff-I,Starling-LM-7B-alpha,OtterHD-8B,OneLLM,InternLM-XComposer,AlexaTM 20B,PLUG,Stable Diffusion (LDM-KL-8-G),Wu Dao Aquila-33B,MegaScale (175B),MegaScale (530B),MegaScale (Production),Evo,Reka Core,Reka Flash,OLMo-7B,MosaicML Diffusion,ruDalle: Kandinsky 3.0,ruDalle: Kandinsky 3.1,Prithvi-100M,GPT-2 (AMPS),HyperCLOVA 204B,Amazon Titan,Perfusion,BGE-M3 Embedding,Swallow,MuggleMath,MiniGPT4 (Vicuna finetune),Genie 2 (bio),OpenVLA,MGK 4 heads (medium),AlphaFold 3,FRED-T5-XL,ruGPT-3.5 13B,CHAI-1,ProteinSetTransformer,Aurora,ERNIE-ViLG 2.0,3-ensemble of Self-ensembles on CIFAR-100,ChatBit,MACE-MP-0,MetaMath 7B (LLaMa finetune),MetaMath 7B (Mistral finetune),T2V-Turbo-v2,VideoCrafter2,4D Diffusion for Dynamic Protein Structure Prediction with Reference Guided Motion Alignment,IDPFold,MolPhenix,Importance of higher-order epistasis in large protein sequence-function relationships,PlasmidGPT,Vicuna-7B v0,Vicuna-13B v0,Vicuna-13B-v1.3,Vicuna-7B-v1.3,RWKV-6 (Finch) 3B,Zephyr 7B,BaiLing TTS,BaseFold,HiFi - NN,Phi-1,HAM-TTS,HGRN 1B (WT 103),IDEFICS-9B,IDEFICS-80B,MatterSim (M3GNet - MatterSim-v1.0.0-5M),MatterSim (Grpaphomer),Apollo 7B,Apollo 3B,Apollo 1.5B,TigerBot-70B,MatterGen",2/7/2025 12:52pm
Google TPU v4i,Google,TPU,2020-01-01,,,,,,138000000000000,,,,8000000000,614000000000,,,400.0,175.0,1055,,,,,7,,16000,https://ieeexplore.ieee.org/stamp/stamp.jsp?tp=&arnumber=9499913,,,1/21/2025 10:21am
Baidu Kunlun K200,Kunlunxin Baidu,XPU,2020-01-01,,,16000000000000,64000000000000,,,64000000000000,256000000000000,,16000000000,512000000000,,,,150.0,,,,,,14,,,https://hc32.hotchips.org/assets/program/conference/day2/HotChips2020_ML_Inference_Baidu_Kunlun_v5.pdf,,,1/21/2025 10:21am
NVIDIA Tesla V100S PCIe 32 GB,NVIDIA,GPU,2019-11-26,,8177000000000,16350000000000,32710000000000,,130000000000000,,,,32000000000,1130000000000,32000000000,100000000000,815.0,250.0,1245,1597,,4096,640,12,TSMC,21100,https://www.techpowerup.com/gpu-specs/tesla-v100s-pcie-32-gb.c3467,,"ConSERT,Megatron-BERT",1/21/2025 10:21am
T-Head Hanguang 800,Alibaba,NPU,2019-09-25,,,,,,,205000000000000,825000000000000,,,,,,,276.0,,,,,,12,,,https://img.102.alibaba.com/1622193035686/9898014ba4eb8adfd3f31db3b2cf26f3.pdf?spm=a2ouz.12987056.0.0.53519352dMhuEh&file=9898014ba4eb8adfd3f31db3b2cf26f3.pdf,,,1/21/2025 10:21am
Huawei Ascend 910,Huawei,GPU,2019-08-23,,,,320000000000000,,,,640000000000000,,,,,,1028.0,310.0,,,,,,,,,"https://e.huawei.com/hu/products/cloud-computing-dc/atlas/ascend-910
https://perma.cc/9R9B-3YNA
https://www.huawei.com/au/news/au/2019/huawei-launches-ascend-910-the-worlds-most-powerful-ai-processor",,"PanGu-Σ,ERNIE 3.0 Titan,CodeGeeX,PanGu-α",1/21/2025 10:21am
Huawei Ascend 910,Huawei,GPU,2019-08-23,,,,256000000000000,,,,512000000000000,,,,,,1228.0,350.0,,,,,,7,,,"https://old.hotchips.org/hc31/HC31_1.11_Huawei.Davinci.HengLiao_v4.0.pdf
https://cset.georgetown.edu/publication/pushing-the-limits-huaweis-ai-chip-tests-u-s-export-controls/",,,1/22/2025 3:25pm
Cambricon MLU270-F4,Cambricon,ASIC,2019-06-20,,,,,,,64000000000000,128000000000000,256000000000000,16000000000,102000000000,,,,150.0,,,,,,,,,https://www.cambricon.com/index.php?m=content&c=index&a=lists&catid=37 https://www.cambricon.com/index.php?m=content&c=index&a=show&catid=127&id=27,,,1/21/2025 10:21am
Cambricon MLU270-S4,Cambricon,ASIC,2019-06-20,,,,,,,64000000000000,128000000000000,256000000000000,16000000000,102000000000,,,,70.0,,,,,,,,,https://www.cambricon.com/index.php?m=content&c=index&a=lists&catid=36,,,1/21/2025 10:21am
Baidu Kunlun I,Kunlunxin Baidu,XPU,2019-01-01,,,16000000000000,64000000000000,,,64000000000000,256000000000000,,,512000000000,,,500.0,150.0,,,,,,14,,,"https://ieeexplore.ieee.org/stamp/stamp.jsp?tp=&arnumber=9366056
https://www.tomshardware.com/news/baidu-unveils-kunlun-ii-processor-for-ai
",,,1/21/2025 10:21am
NVIDIA Quadro RTX 4000,NVIDIA,GPU,2018-11-13,$899.00,222500000000,7119000000000,14240000000000,,,,,,8000000000,416000000000,,,545.0,160.0,1005,1545,1625,256,288,12,TSMC,13600,https://www.techpowerup.com/gpu-specs/quadro-rtx-4000.c3336,https://videocardz.net/nvidia-quadro-rtx-4000,CaLM,1/21/2025 10:21am
Huawei Ascend 310,Huawei,,2018-10-10,,,,8000000000000,,,,16000000000000,,,,,,105.0,8.0,,,,,,12,,,https://old.hotchips.org/hc31/HC31_1.11_Huawei.Davinci.HengLiao_v4.0.pdf,,,1/21/2025 10:21am
NVIDIA GeForce RTX 2080 Ti,NVIDIA,GPU,2018-09-20,$999.00,420200000000,13450000000000,26900000000000,,113800000000000,,227700000000000,,11000000000,616000000000,,,754.0,250.0,1350,1545,1750,352,544,12,TSMC,18600,https://www.techpowerup.com/gpu-specs/geforce-rtx-2080-ti.c3305,,"YuYan 11B,DNABERT,EpiScan",1/21/2025 10:21am
NVIDIA Tesla T4,NVIDIA,GPU,2018-09-13,,254400000000,8141000000000,65130000000000,,,,,,16000000000,320000000000,,,545.0,70.0,585,1590,1250,256,320,12,TSMC,13600,https://www.techpowerup.com/gpu-specs/tesla-t4.c3316,,,1/21/2025 10:21am
NVIDIA Quadro RTX 6000,NVIDIA,GPU,2018-08-13,$6300.00,509800000000,16310000000000,32620000000000,,,,,,24000000000,672000000000,,,754.0,260.0,1440,1770,1750,384,576,12,TSMC,18600,https://www.techpowerup.com/gpu-specs/quadro-rtx-6000.c3307,https://videocardz.net/nvidia-quadro-rtx-6000,Projected GAN,1/21/2025 10:21am
NVIDIA Quadro RTX 5000,NVIDIA,GPU,2018-08-13,$2300.00,348500000000,11150000000000,22300000000000,,,,,,16000000000,448000000000,,,545.0,230.0,1620,1815,1750,256,384,12,TSMC,13600,https://www.techpowerup.com/gpu-specs/quadro-rtx-5000.c3308,https://videocardz.net/nvidia-quadro-rtx-5000,ProteinBERT,1/21/2025 10:21am
NVIDIA Quadro RTX 8000,NVIDIA,GPU,2018-08-13,,509800000000,16300000000000,32620000000000,,,,,,48000000000,672000000000,,,754.0,260.0,1395,1770,1750,384,576,12,TSMC,18600,https://www.techpowerup.com/gpu-specs/quadro-rtx-8000.c3306,,"PolyCoder,MiniGPT4 + LRV-Instruction",1/21/2025 10:21am
Google TPU v3,Google,TPU,2018-05-18,,,,,,123000000000000,,,,32000000000,900000000000,,,,450.0,,,,,,16,,,https://cloud.google.com/tpu/docs/system-architecture-tpu-vm,"https://www.techpowerup.com/gpu-specs/geforce-gtx-1080-ti.c2877#:~:text=The%20GeForce%20GTX%201080%20Ti,on%20GeForce%20GTX%201080%20Ti.","BigGAN-deep 512x512,MnasNet-A3,MnasNet-A1 + SSDLite,T5-3B,T5-11B,SimCLR,EfficientNetV2-XL,Denoising Diffusion Probabilistic Models (LSUN Bedroom),Meena,AlphaFold 2,CoAtNet,Big Transfer (BiT-L),Conformer + Wav2vec 2.0 + Noisy Student,ContextNet + Noisy Student,ALBERT,ViT-G/14 (LiT),ViT-G/14,AlphaStar,ByT5-XXL,Gopher (280B),LaMDA,ALIGN,GShard (dense),UnifiedQA,DiT-XL/2,AlphaFold-Multimer,Chinchilla,ProGen2-xlarge,Adaptive Agent,Instruct-GPT + Mind's Eye,PaLM-SayCan,ResNet-RS,ATLAS,Meta Pseudo Labels,GOAT,Switch,ProtT5-XXL,LongT5,SciBERT,AlphaGeometry,GBERT-Large,German ELECTRA Large,DALL-E mega,DALL-E mini,T0-XXL,ViT-Huge/14,ALBERT-xxlarge,Gato,Noisy Student (L2),ProtBERT-BFD,FLAN 137B,ProtT5-XXL-BFD,Hawk,Griffin,Tk-Instruct,Delphi,XLNet,GPT-J-6B,PaliGemma,Tulu V2 DPO 70B,AlphaTensor",1/21/2025 10:21am
NVIDIA Tesla V100 DGXS 16 GB,NVIDIA,GPU,2018-03-27,,8100000000000,16200000000000,32400000000000,,125000000000000,,,,16000000000,897000000000,300000000000,100000000000,815.0,250.0,1354,1582,,,640,12,TSMC,21100,https://www.techpowerup.com/gpu-specs/tesla-v100-dgxs-16-gb.c3763,,"KataGo,CogView,DALL-E,Big Transformer for Back-Translation",1/21/2025 10:21am
NVIDIA Tesla V100 PCIe 32 GB,NVIDIA,GPU,2018-03-27,$11458.00,7066000000000,14130000000000,28260000000000,,112000000000000,,,,32000000000,897000000000,32000000000,100000000000,815.0,250.0,1230,1380,,4096,640,12,TSMC,21100,https://www.techpowerup.com/gpu-specs/tesla-v100-pcie-32-gb.c3184,https://www.microway.com/hpc-tech-tips/nvidia-tesla-v100-price-analysis/,Retrieval-Augmented Generator,1/21/2025 10:21am
NVIDIA Tesla V100 DGXS 32 GB,NVIDIA,GPU,2018-03-27,,7834000000000,15670000000000,31330000000000,,125000000000000,,,,32000000000,897000000000,300000000000,100000000000,815.0,250.0,1297,1530,,4096,640,12,TSMC,21100,https://www.techpowerup.com/gpu-specs/tesla-v100-dgxs-32-gb.c3186,,"Megatron-LM (8.3B),Rubik's cube ADR robot,GPT-3 175B (davinci),iGPT-XL,iGPT-L,wave2vec 2.0 LARGE,DLRM-2022,M6-T,DistilProtBert,ERNIE 3.0 Titan,Turing-NLG,RoBERTa Large,MSA Transformer,XLM-RoBERTa,MedBERT,GPT-3 2.7B,GPT-3 6.7B,GPT-3 13B,GPT-3 Large,GPT-3 Medium,GPT-3 Small,GPT-3 XL",1/22/2025 9:24am
NVIDIA Tesla V100 SXM3 32 GB,NVIDIA,GPU,2018-03-27,,7834000000000,15670000000000,31330000000000,,125000000000000,,,,,,300000000000,100000000000,815.0,300.0,1290,,,,,12,TSMC,21100,,,,1/21/2025 10:21am
NVIDIA Tesla V100 SXM2 32 GB,NVIDIA,GPU,2018-03-27,$11458.00,7834000000000,15670000000000,31330000000000,,125000000000000,,,,32000000000,898000000000,300000000000,100000000000,815.0,300.0,1290,1530,,4096,640,12,TSMC,21100,https://www.techpowerup.com/gpu-specs/tesla-v100-sxm2-32-gb.c3185,https://www.microway.com/hpc-tech-tips/nvidia-tesla-v100-price-analysis/,,1/22/2025 9:24am
NVIDIA Titan V,NVIDIA,GPU,2017-12-01,$2999.00,7450000000000,14900000000000,29800000000000,,,,,,12000000000,651000000000,,,815.0,250.0,1200,1455,848,3072,640,12,TSMC,21100,https://www.techpowerup.com/gpu-specs/titan-v.c3051,,SeqVec,1/21/2025 10:21am
NVIDIA Tesla V100 SXM2,NVIDIA,GPU,2017-07-01,$11500.00,7800000000000,15670000000000,31330000000000,,125000000000000,,,,16000000000,897000000000,300000000000,100000000000,815.0,300.0,1312,1530,876,4096,640,12,TSMC,21100,"https://images.nvidia.com/content/technologies/volta/pdf/437317-Volta-V100-DS-NV-US-WEB.pdf
https://www.techpowerup.com/gpu-specs/tesla-v100-sxm2-16-gb.c3018
https://images.nvidia.com/content/technologies/volta/pdf/volta-v100-datasheet-update-us-1165301-r5.pdf",,"PAGnol-XL,FRED-T5-XL,ruGPT-3.5 13B",1/22/2025 9:24am
NVIDIA Tesla V100 SXM2 16 GB,NVIDIA,GPU,2017-06-21,,7834000000000,15670000000000,31330000000000,,125000000000000,,,,,,300000000000,100000000000,815.0,300.0,1312,1530,,,,12,TSMC,21100,https://www.techpowerup.com/gpu-specs/tesla-v100-sxm2-16-gb.c3018,,,1/21/2025 10:21am
NVIDIA Tesla V100 PCIe 16 GB,NVIDIA,GPU,2017-06-21,$10664.00,7066000000000,14130000000000,28260000000000,,112000000000000,,,,16000000000,897000000000,32000000000,100000000000,815.0,250.0,1245,1380,,4096,640,12,TSMC,21100,https://www.techpowerup.com/gpu-specs/tesla-v100-pcie-16-gb.c2957,https://www.microway.com/hpc-tech-tips/nvidia-tesla-v100-price-analysis/,ASE,1/21/2025 10:21am
NVIDIA V100,NVIDIA,GPU,2017-06-21,,7834000000000,15670000000000,31330000000000,,125000000000000,,,,,,300000000000,100000000000,815.0,300.0,,,,4096,640,12,TSMC,21100,"https://www.techpowerup.com/gpu-specs/tesla-v100-pcie-16-gb.c2957
https://www.techpowerup.com/gpu-specs/tesla-v100-pcie-32-gb.c3184
https://www.techpowerup.com/gpu-specs/tesla-v100-sxm2-16-gb.c3471
https://www.techpowerup.com/gpu-specs/tesla-v100-sxm2-16-gb.c3018
https://www.techpowerup.com/gpu-specs/tesla-v100-sxm2-32-gb.c3185
https://www.techpowerup.com/gpu-specs/tesla-v100-sxm3-32-gb.c3472
https://www.techpowerup.com/gpu-specs/tesla-v100s-pcie-32-gb.c3467",,"DARK,ProBERTa,DD-PPO,Diffusion-GAN,Projected GAN,ADM,WizardLM-7B,DETR,DDPM-IP (CelebA),SantaCoder,Persia,Incoder-6.7B,RedPajama-INCITE-7B-Base,CTM (CIFAR-10),Transformer + Simple Recurrent Unit,ImageBind,ESM1-670M (UR50/S),ESM1-670M (UR50/D),ESM1-670M (UR100),ESM1-85M,ESM1-43M,ESM1b,ESM1v,Rita-XLarge,ProteinLM,TAPE Transformer,VALL-E,MultiBand Diffusion,VALL-E X,Transformer (Adaptive Input Embeddings) WT103,LUKE,SeamlessM4T,Pangu-Weather,Kosmos-2,mBART-50,Detic,MegaMolBART,ViT + DINO,YOLOX-X,CamemBERT,ProxylessNAS,Once for All,CLIP (ViT L/14@336px),ESM2-15B,ERNIE 3.0,CPM-Large,ESM2-650M,DeBERTa,PIXART-α,DeiT-B,Theseus 6/768,CLUE,WeNet (Penn Treebank),PermuteFormer,RFdiffusion,DiffQ Transformer (16L),CODEFUSION (Python),TrOCR,PLATO-XL,SEER,MoLFormer-XL,Soccer Robot,CodonTransformer,ProteinSGM,FastSpeech,FastSpeech 2",1/22/2025 9:24am
Google TPU v2,Google,TPU,2017-05-01,,,3000000000000,,,46000000000000,,,,16000000000,600000000000,,,,280.0,,,,,,16,,,https://dl.acm.org/doi/pdf/10.1145/3360307,,"AlphaZero,BERT-Large,Mesh-TensorFlow Transformer 4.9B (language),Mesh-TensorFlow Transformer 2.9B (translation),Soccer Robot",1/21/2025 10:21am
NVIDIA TITAN Xp,NVIDIA,GPU,2017-04-06,$1199.00,379700000000,12150000000000,189800000000,,,,,,12000000000,548000000000,,,471.0,250.0,1405,1582,1426,384,,16,TSMC,11800,https://www.techpowerup.com/gpu-specs/titan-xp.c2948,,"DNA Fine-Tuned Language Model (DFLM),DensePhrases,Refined Part Pooling",2/4/2025 10:02am
NVIDIA GeForce GTX 1080 Ti,NVIDIA,GPU,2017-03-10,$699.00,354400000000,11340000000000,177200000000,,,,,,11000000000,484000000000,,,471.0,250.0,1481,1582,1376,352,,16,TSMC,11800,https://www.techpowerup.com/gpu-specs/geforce-gtx-1080-ti.c2877,https://www.techpowerup.com/gpu-specs/tesla-p100-pcie-16-gb.c2888,"Cross-lingual alignment,AlphaX-1,PeptideBERT",1/21/2025 10:21am
NVIDIA Quadro P600,NVIDIA,GPU,2017-02-07,$178.00,37370000000,1196000000000,18680000000,,,,,,2000000000,64130000000,,,132.0,40.0,1329,1557,,128,,14,Samsung,3300,https://www.techpowerup.com/gpu-specs/quadro-p600.c2933,https://technical.city/en/video/GeForce-GTX-970-vs-Quadro-P600,GPT-1,1/21/2025 10:21am
NVIDIA Quadro P4000,NVIDIA,GPU,2017-02-06,$815.00,165800000000,5304000000000,82880000000,,,,,,8000000000,243400000000,,,314.0,105.0,1202,1480,1901,256,,16,TSMC,7200,https://www.techpowerup.com/gpu-specs/quadro-p4000.c2930,https://www.techpowerup.com/gpu-specs/quadro-p4000.c2930,,1/21/2025 10:21am
NVIDIA Quadro P5000,NVIDIA,GPU,2016-10-01,$2499.00,277300000000,8873000000000,138600000000,,,,,,16000000000,288000000000,,,314.0,180.0,1607,1733,1127,256,,16,TSMC,7200,https://www.techpowerup.com/gpu-specs/quadro-p5000.c2864,https://www.techpowerup.com/gpu-specs/quadro-p5000.c2864,,1/21/2025 10:21am
NVIDIA Quadro P6000,NVIDIA,GPU,2016-10-01,$5999.00,394800000000,12630000000000,197400000000,,,,,,24000000000,433000000000,,,471.0,250.0,1506,1645,1127,384,,16,TSMC,11800,https://www.techpowerup.com/gpu-specs/quadro-p6000.c2865,https://www.techpowerup.com/gpu-specs/quadro-p6000.c2865,,1/21/2025 10:21am
NVIDIA P40,NVIDIA,GPU,2016-09-13,$5699.00,367400000000,11760000000000,183700000000,,,,,,24000000000,694300000000,,,471.0,250.0,1303,1531,1808,384,,,,11800,https://www.techpowerup.com/gpu-specs/tesla-p40.c2878,https://www.techpowerup.com/gpu-specs/tesla-p40.c2878,,1/21/2025 10:21am
NVIDIA Tesla P4,NVIDIA,GPU,2016-09-13,,178200000000,5704000000000,89120000000,,,,22000000000000,,8000000000,192300000000,,,314.0,75.0,886,1114,1502,256,,16,TSMC,7200,https://www.techpowerup.com/gpu-specs/tesla-p4.c2879,,,1/21/2025 10:21am
NVIDIA P100 PCIe 16GB,NVIDIA,GPU,2016-06-20,,4700000000000,9560000000000,19100000000000,,,,,,16000000000,732000000000,,,610.0,250.0,1190,1329,715,4096,,,,15300,https://www.techpowerup.com/gpu-specs/tesla-p100-pcie-16-gb.c2888,,,1/21/2025 10:21am
NVIDIA GeForce GTX 1080,NVIDIA,GPU,2016-05-27,$599.00,277300000000,8873000000000,138600000000,,,,,,8000000000,320300000000,,,314.0,180.0,1607,1733,,256,,16,TSMC,7200,https://www.techpowerup.com/gpu-specs/geforce-gtx-1080.c2839,,SEST,1/21/2025 10:21am
NVIDIA P100,NVIDIA,GPU,2016-04-05,$5699.00,4700000000000,9300000000000,18700000000000,,,,,,16000000000,732000000000,,,,250.0,,,,,,16,TSMC,,https://images.nvidia.com/content/tesla/pdf/nvidia-tesla-p100-PCIe-datasheet.pdf,"https://www.hardwarezone.com.sg/tech-news-nvidia-dgx-a100-supercomputer-super-performance-fight-covid-19#:~:text=The%20new%20DGX%20A100%20costs,has%20a%20height%20of%20444mm.","Transformer,IMPALA,ProteinGAN,RNMT+,""LSTM (Hebbian, Cache, MbPA)"",QT-Opt,HiPPO-LegS",1/22/2025 10:02am
NVIDIA M40,NVIDIA,GPU,2015-11-10,$10799.00,213500000000,6832000000000,,,,,,,12000000000,288000000000,,,601.0,250.0,948,1112,1502,384,,,,8000,https://www.techpowerup.com/gpu-specs/tesla-m40.c2771,https://texas.gs.shi.com/product/32445647/NVIDIA-Tesla-M40-GPU-computing-processor,"YOLOv3,RetinaNet-R101,MemoReader,ConvS2S (ensemble of 8 models)",1/21/2025 10:21am
NVIDIA TESLA M60,NVIDIA,GPU,2015-08-30,,301600000000,9650000000000,,,,,,,16000000000,320800000000,,,398.0,300.0,557,1178,1253,512,,28,TSMC,5200,https://www.techpowerup.com/gpu-specs/tesla-m60.c2760,,,1/21/2025 10:21am
NVIDIA Quadro M4000,NVIDIA,GPU,2015-06-29,,80390000000,2573000000000,,,,,,,8000000000,192000000000,,,398.0,120.0,773,,1502,256,,28,TSMC,5200,https://www.techpowerup.com/gpu-specs/quadro-m4000.c2757,,,1/21/2025 10:21am
Google TPU v1,Google,TPU,2015-05-15,,,,,,,,92000000000000,,8589934592,34000000000,,,331.0,75.0,700,,,,,28,,,https://ieeexplore.ieee.org/stamp/stamp.jsp?tp=&arnumber=9499913,,"AlphaGo Master,AlphaGo Zero,AlphaZero",1/21/2025 10:21am
NVIDIA GeForce GTX TITAN X,NVIDIA,GPU,2015-03-17,$999.00,209100000000,6691000000000,,,,,,,12000000000,336600000000,,,601.0,250.0,1000,1089,1753,384,,28,TSMC,8000,https://www.techpowerup.com/gpu-specs/geforce-gtx-titan-x.c2632,,"DeepSpeech2 (English),YOLOv3,Mono3D++,BIDAF,PolyNet,GELU for CIFAR-10,SSD,Part-of-sentence tagging model,Named Entity Recognition model,Graph-based Semi-Supervised Learning (GSSL) Model on MNIST,SAF R-CNN",1/22/2025 2:34am
NVIDIA Quadro K1200,NVIDIA,GPU,2015-01-28,,35970000000,1151000000000,,,,,,,4000000000,80000000000,,,148.0,45.0,1058,1124,1250,128,,28,TSMC,1870,https://www.techpowerup.com/gpu-specs/quadro-k1200.c2641,,,1/21/2025 10:21am
NVIDIA Tesla K80,NVIDIA,GPU,2014-11-17,$5000.00,2742000000000,8126000000000,,,,,,,24000000000,241000000000,,,561.0,300.0,562,824,1253,768,,28,TSMC,7100,https://www.techpowerup.com/gpu-specs/tesla-k80.c2616; https://www.nvidia.com/content/dam/en-zz/Solutions/Data-Center/tesla-product-literature/TeslaK80-datasheet.pdf,https://www.anandtech.com/show/8729/nvidia-launches-tesla-k80-gk210-gpu,"GNMT,Xception,JFT,Big-Little Net,OR-WideResNet,UniRep,Fold2Seq,Cube-Space AutoEncoder,code2vec,MoLeR",1/21/2025 10:21am
NVIDIA GeForce GTX 980,NVIDIA,GPU,2014-09-19,$549.00,155600000000,4981000000000,,,,,,,4000000000,224400000000,,,398.0,165.0,1127,1216,,256,,28,TSMC,5200,https://www.techpowerup.com/gpu-specs/geforce-gtx-980.c2621,,SimpleNet,1/21/2025 10:21am
NVIDIA GTX Titan Black,NVIDIA,GPU,2014-02-18,$999.00,1882000000000,5645000000000,,,,,,,6000000000,336000000000,,,561.0,250.0,889,980,1750,384,,,,7080,https://www.techpowerup.com/gpu-specs/geforce-gtx-titan-black.c2549,https://www.techpowerup.com/gpu-specs/geforce-gtx-titan-black.c2549,"VGG16,VGG-Face",1/21/2025 10:21am
NVIDIA Tesla K40s,NVIDIA,GPU,2013-11-22,$7699.00,1682000000000,5046000000000,,,,,,,12000000000,288000000000,,,561.0,245.0,745,876,1502,384,,28,TSMC,7080,https://www.techpowerup.com/gpu-specs/tesla-k40s.c2528,https://www.techpowerup.com/gpu-specs/tesla-k40s.c2528,"AmoebaNet-A (F=448),VDCNN (on Amazon Review Full dataset),BIG LSTM+CNN INPUTS ,10 LSTMS + KN-5 (OPTIMAL WEIGHTS)",1/21/2025 10:21am
NVIDIA Tesla K40t,NVIDIA,GPU,2013-11-22,$7699.00,1682000000000,5046000000000,,,,,,,12000000000,288400000000,,,561.0,245.0,745,876,,384,,28,TSMC,7080,https://www.techpowerup.com/gpu-specs/tesla-k40t.c3403,"https://www.techpowerup.com/gpu-specs/tesla-k40t.c3403#:~:text=Tesla%20K40t%20is%20connected%20to,launch%20was%207699%20US%20Dollars",MoE-Multi,1/21/2025 10:21am
NVIDIA Quadro K6000,NVIDIA,GPU,2013-07-23,$5265.00,1732000000000,5196000000000,,,,,,,12000000000,288000000000,,,561.0,225.0,797,902,1502,384,,28,TSMC,7080,https://www.techpowerup.com/gpu-specs/quadro-k6000.c2426,https://www.techpowerup.com/gpu-specs/quadro-k6000.c2426,,1/21/2025 10:21am
NVIDIA GeForce GTX 780,NVIDIA,GPU,2013-05-23,$649.00,173200000000,4156000000000,,,,,,,3000000000,288400000000,,,561.0,250.0,863,902,,384,,28,TSMC,7080,https://www.techpowerup.com/gpu-specs/geforce-gtx-780.c1701,,Fractional Max-Pooling,1/21/2025 10:21am
NVIDIA Quadro K4000,NVIDIA,GPU,2013-03-01,$1269.00,51840000000,1244000000000,,,,,,,3000000000,134800000000,,,221.0,80.0,810,,,192,,28,TSMC,2540,https://www.techpowerup.com/gpu-specs/quadro-k4000.c1841,https://videocardz.net/nvidia-quadro-k4000,Attend-Infer-Repeat,1/21/2025 10:21am
NVIDIA GeForce GTX TITAN,NVIDIA,GPU,2013-02-19,$999.00,1570000000000,4709000000000,,,,,,,6000000000,288400000000,,,561.0,250.0,836,876,,384,,28,TSMC,7080,https://www.techpowerup.com/gpu-specs/geforce-gtx-titan.c1996,,SPPNet,1/21/2025 10:21am
NVIDIA Tesla K20c,NVIDIA,GPU,2012-11-12,$3199.00,1170000000000,3520000000000,,,,,,,5000000000,208000000000,,,561.0,225.0,706,,1300,320,,28,TSMC,7080,https://www.techpowerup.com/gpu-specs/tesla-k20c.c564,,,1/21/2025 10:21am
NVIDIA GeForce GTX 580,NVIDIA,GPU,2010-11-09,$499.00,197600000000,1581000000000,,,,,,,1536000000,192400000000,,,520.0,244.0,772,1544,1002,384,,40,TSMC,3000,https://www.techpowerup.com/gpu-specs/geforce-gtx-580.c270,https://www.techpowerup.com/gpu-specs/geforce-gtx-580.c270,"Dropout (CIFAR),Dropout (ImageNet),Dropout (MNIST),Dropout (TIMIT),AlexNet,Visualizing CNNs,DNN EM segmentation,CNN Committee (NIST),CNN Committee (MNIST),High Performance CNN,CNN committee (traffic sign)",1/21/2025 10:21am
NVIDIA GeForce GTX 280,NVIDIA,GPU,2008-06-16,$649.00,77760000000,622100000000,,,,,,,1024000000,141100000000,,,576.0,236.0,602,,1107,512,,65,TSMC,1400,https://www.techpowerup.com/gpu-specs/geforce-gtx-280.c216,,6-layer MLP (MNIST),1/21/2025 10:21am
AMD Instinct MI355X,AMD,GPU,,,,,2340000000000000,,,,,,288000000000,,,,,,,,,,,3,,,https://www.servethehome.com/amd-instinct-mi325x-launched-and-the-mi355x-is-coming/,,,1/21/2025 10:21am
Huawei Ascend 910A,Huawei,GPU,,,,,,,,,,,,,,,,,,,,,,,,,,,,1/21/2025 10:21am
Huawei Ascend 910A Pro,Huawei,GPU,,,,,,,,,,,,,,,,,,,,,,,,,,,,1/21/2025 10:21am
Huawei Ascend 910A Premium,Huawei,GPU,,,,,,,,,,,,,,,,,,,,,,,,,,,,1/21/2025 10:21am
Huawei Ascend 910B Pro,Huawei,GPU,,,,,280000000000000,,,,,,32000000000,1228000000000,,,,,,,1150,,,7,SMIC,,"https://cset.georgetown.edu/publication/pushing-the-limits-huaweis-ai-chip-tests-u-s-export-controls/#:~:text=Ascend%20910%20models%20range%20from,specially%20designed%20for%20AI%20operations",,,1/21/2025 10:21am
Huawei Ascend 910B1 (v1),Huawei,GPU,,,,,400000000000000,,,,,,64000000000,1600000000000,,,,,,,1850,,,7,SMIC,,"https://cset.georgetown.edu/publication/pushing-the-limits-huaweis-ai-chip-tests-u-s-export-controls/#:~:text=Ascend%20910%20models%20range%20from,specially%20designed%20for%20AI%20operations",,,1/21/2025 10:21am
Huawei Ascend 910B1 (v2),Huawei,GPU,,,,,,,,,,,64000000000,1600000000000,,,,,,,1850,,,7,SMIC,,"https://cset.georgetown.edu/publication/pushing-the-limits-huaweis-ai-chip-tests-u-s-export-controls/#:~:text=Ascend%20910%20models%20range%20from,specially%20designed%20for%20AI%20operations",,,1/21/2025 10:21am
Huawei Ascend 910B2,Huawei,GPU,,,,,376000000000000,,,,,,64000000000,1600000000000,,,,,,,1800,,,7,SMIC,,"https://cset.georgetown.edu/publication/pushing-the-limits-huaweis-ai-chip-tests-u-s-export-controls/#:~:text=Ascend%20910%20models%20range%20from,specially%20designed%20for%20AI%20operations",,,1/21/2025 10:21am
Huawei Ascend 910B3,Huawei,GPU,,,,,313000000000000,,,,,,64000000000,1600000000000,,,,,,,1800,,,7,SMIC,,"https://cset.georgetown.edu/publication/pushing-the-limits-huaweis-ai-chip-tests-u-s-export-controls/#:~:text=Ascend%20910%20models%20range%20from,specially%20designed%20for%20AI%20operations",,,1/21/2025 10:21am
Huawei Ascend 910B4,Huawei,GPU,,,,72000000000000,280000000000000,,,,,,32000000000,800000000000,,,,,,,1650,,,7,SMIC,,"https://cset.georgetown.edu/publication/pushing-the-limits-huaweis-ai-chip-tests-u-s-export-controls/#:~:text=Ascend%20910%20models%20range%20from,specially%20designed%20for%20AI%20operations
https://perma.cc/9B7N-X5XT",,,1/21/2025 10:21am
NVIDIA GH100,NVIDIA,GPU,,,33450000000000,66910000000000,,494500000000000,989500000000000,,1979000000000000,,,,,,,700.0,,,,,,,TSMC,,https://www.techpowerup.com/gpu-specs/nvidia-gh100.g1011,,,1/22/2025 1:21pm
Amazon Trainium2,Amazon AWS,GPU,,,,,,,667000000000000,,,,96000000000,2900000000000,,,,500.0,,,,,,,,,https://semianalysis.com/2024/12/03/amazons-ai-self-sufficiency-trainium2-architecture-networking/,,,1/29/2025 1:02pm
Maia 100 (M100),Microsoft,GPU,,,,,,,800000000000000,,,,,,,,820.0,500.0,,,,,,5,TSMC,,https://www.techpowerup.com/326105/microsoft-unveils-new-details-on-maia-100-its-first-custom-ai-chip,,,1/21/2025 10:21am
Amazon Trainium1,Amazon AWS,GPU,,,,47500000000000,190000000000000,190000000000000,190000000000000,,420000000000000,,,,,,,,,,,,,,,,https://web.archive.org/web/20230518023215/https://awsdocs-neuron.readthedocs-hosted.com/en/v2.9.1/general/arch/neuron-hardware/trainium.html,,,1/29/2025 1:02pm